<?xml version="1.0" encoding="UTF-8"?>
<component xmlns="http://www.opensource-socialnetwork.org/v/3.0">
    <name>Arcade</name>
    <id>Arcade</id>
    <author>AT3META</author>
    <description>Arcade for your OSSN installation</description>
    <license>GNU General Public License, version 2</license>
    <author_url>https://www.3ncircle.com/</author_url>
    <license_url>http://www.opensource-socialnetwork.org/licence/</license_url>
    <version>1.6</version>
	<requires>
		<type>ossn_version</type>
		<version>5.6</version>
	</requires>
</component>